[
    {"kwh":9390,"cntr":"가구내고용,미분류자가소비생산","amt":1341658,"row_seq":1,"hosu":20,"unitcost":"142.9"},
    {"kwh":18542644,"cntr":"건설업 ","amt":2693314755,"row_seq":2,"hosu":8880,"unitcost":"145.2"},
    {"kwh":63895453,"cntr":"공공행정, 국방 및 사회보장 행정","amt":7541356116,"row_seq":3,"hosu":7372,"unitcost":"118.0"},
    {"kwh":49214639,"cntr":"광업 ","amt":4768554570,"row_seq":4,"hosu":397,"unitcost":"96.9"},{"kwh":44777135,"cntr":"교육 서비스업","amt":4639782744,"row_seq":5,"hosu":6638,"unitcost":"103.6"},{"kwh":3253,"cntr":"국제 및 외국기관","amt":676622,"row_seq":6,"hosu":3,"unitcost":"208.0"},{"kwh":6833917,"cntr":"금융 및 보험업 ","amt":900646058,"row_seq":7,"hosu":1881,"unitcost":"131.8"},{"kwh":120255731,"cntr":"농업, 임업 및 어업 ","amt":6304147313,"row_seq":8,"hosu":237466,"unitcost":"52.4"},{"kwh":97525455,"cntr":"도매 및 소매업","amt":10676226210,"row_seq":9,"hosu":46035,"unitcost":"109.5"},{"kwh":29024997,"cntr":"보건업 및 사회복지 서비스업","amt":3242149737,"row_seq":10,"hosu":7022,"unitcost":"111.7"},{"kwh":97105197,"cntr":"부동산업 및 임대업 ","amt":12505813536,"row_seq":11,"hosu":61855,"unitcost":"128.8"},{"kwh":5312989,"cntr":"사업시설관리,사업지원서비스업","amt":733256700,"row_seq":12,"hosu":5625,"unitcost":"138.0"},{"kwh":124275788,"cntr":"숙박 및 음식점업 ","amt":14257554489,"row_seq":13,"hosu":58895,"unitcost":"114.7"},{"kwh":38586748,"cntr":"예술,스포츠및여가관련서비스업","amt":4759162427,"row_seq":14,"hosu":7361,"unitcost":"123.3"},{"kwh":64811361,"cntr":"운수업","amt":7122797134,"row_seq":15,"hosu":14419,"unitcost":"109.9"},{"kwh":64132174,"cntr":"전기, 가스, 증기 및 수도사업 ","amt":6935286492,"row_seq":16,"hosu":11139,"unitcost":"108.1"},{"kwh":9201820,"cntr":"전문, 과학 및 기술 서비스업 ","amt":1130194129,"row_seq":17,"hosu":3116,"unitcost":"122.8"},{"kwh":2026354707,"cntr":"제조업 ","amt":178324225919,"row_seq":18,"hosu":19484,"unitcost":"88.0"},{"kwh":55023869,"cntr":"출판영상,방송통신정보서비스업","amt":5123796580,"row_seq":19,"hosu":23356,"unitcost":"93.1"},{"kwh":44915421,"cntr":"하수폐기처리원료재생환경복원","amt":4628269147,"row_seq":20,"hosu":5170,"unitcost":"103.0"},{"kwh":27160872,"cntr":"협회단체,수리기타개인서비스업","amt":3783710516,"row_seq":21,"hosu":19585,"unitcost":"139.3"}]


